"numero","quizCodice","testo"
"1","41","Capitale della Francia?"
"2","41","Capitale della Germania?"
"3","41","Capitale del Regno Unito?"
"4","41","Capitale d'Italia?"
"5","41","Capitale della Spagna?"
"6","41","Capitale del Portogallo?"
"1","42","Quanto fa 2+2?"
"2","42","Quanto fa 5x3?"
"3","42","Quanto fa 10/2?"
"4","42","Quanto fa 7-4?"
"5","42","Qual è la radice quadrata di 9?"
"1","43","Chi fu il primo imperatore romano?"
"2","43","In che anno fu fondata Roma?"
"3","43","Chi disse ""Veni, vidi, vici""?"
"4","43","Contro chi combatté Giulio Cesare in Gallia?"
"5","43","Qual era il nome del fiume di Roma?"
"6","43","Cosa significava SPQR?"
"7","43","Chi fu l'ultimo re di Roma?"
"1","44","Qual è la formula chimica dell'acqua?"
"2","44","Qual è il pianeta più grande del sistema solare?"
"3","44","Come si chiama il processo per cui le piante producono energia?"
"4","44","Qual è l'organo principale dell'apparato respiratorio umano?"
"5","44","Quale scienziato formulò la legge di gravitazione universale?"
"1","45","Chi ha scritto ""La Divina Commedia""?"
"2","45","Di che secolo è il Decameron di Boccaccio?"
"3","45","Quale poeta ha scritto ""L'infinito""?"
"4","45","Chi è il protagonista de ""I Promessi Sposi""?"
"5","45","Quale movimento letterario nacque in Italia nel primo Novecento?"
"1","46","Qual è il capoluogo della Lombardia?"
"2","46","In quale regione si trova Firenze?"
"3","46","Qual è la montagna più alta d'Italia?"
"4","46","Quale mare bagna la costa adriatica?"
"5","46","Qual è il fiume più lungo d'Italia?"
"1","47","In che secolo avvenne la Peste Nera?"
"2","47","Chi fu Carlo Magno?"
"3","47","Quale fu la principale causa delle Crociate?"
"4","47","Cosa fu il Sacro Romano Impero?"
"5","47","Chi fu San Francesco d'Assisi?"
"1","48","Cosa significa CPU?"
"2","48","Qual è un linguaggio di programmazione?"
"3","48","Cosa è un byte?"
"4","48","Cos'è internet?"
"5","48","Cosa significa WWW?"
"1","49","Qual è l'ingrediente base della pasta?"
"2","49","Quale formaggio si usa tipicamente per la carbonara?"
"3","49","Da quale città deriva la pizza Margherita?"
"4","49","Cosa sono gli gnocchi?"
"5","49","Qual è il dolce tipico di Napoli?"
"1","50","In che sport si usa il termine ""gol""?"
"2","50","Quanti giocatori ci sono in una squadra di calcio?"
"3","50","Cos'è il Tour de France?"
"4","50","In che sport eccelle Federica Pellegrini?"
"5","50","Qual è la capitale mondiale della Formula 1?"
"1","51","Chi ha composto la Nona Sinfonia?"
"2","51","Quale strumento suonava Mozart?"
"3","51","Cos'è un'opera lirica?"
"4","51","Chi è considerato il ""Prete Rosso""?"
"5","51","Qual è il periodo Barocco nella musica?"
"1","52","Chi ha dipinto la Monna Lisa?"
"2","52","In quale città si trova il David di Michelangelo?"
"3","52","Cos'è l'affresco?"
"4","52","Quale famiglia fu mecenate a Firenze durante il Rinascimento?"
"5","52","Chi ha scolpito la Pietà Vaticana?"
"1","53","Chi era il re degli dei nell'antica Grecia?"
"2","53","Chi era la dea dell'amore?"
"3","53","Cos'era l'Olimpo?"
"4","53","Chi erano gli eroi greci?"
"5","53","Cos'era il labirinto di Cnosso?"
"1","54","Qual è la stella più vicina alla Terra?"
"2","54","Qual è la galassia in cui viviamo?"
"3","54","Cos'è un buco nero?"
"4","54","Quale pianeta è conosciuto come il ""pianeta rosso""?"
"5","54","Cos'è una cometa?"
"1","55","Cos'è il PIL?"
"2","55","Cosa sono le tasse?"
"3","55","Cos'è l'inflazione?"
"4","55","Cos'è il mercato azionario?"
"5","55","Cos'è una banca centrale?"
"1","56","Chi è considerato il padre della filosofia occidentale?"
"2","56","Cosa sosteneva Platone con la teoria delle idee?"
"3","56","Chi ha scritto ""Critica della ragion pura""?"
"4","56","Cos'è l'esistenzialismo?"
"5","56","Chi disse ""So di non sapere""?"
"1","57","Chi ha diretto il film ""La Dolce Vita""?"
"2","57","Quale attrice è considerata un'icona del cinema italiano?"
"3","57","Cos'è il Neorealismo italiano?"
"4","57","Chi ha musicato molti film di Federico Fellini?"
"5","57","Qual è un famoso attore comico italiano?"
"1","58","Chi è l'attuale Presidente della Repubblica Italiana?"
"2","58","Quanti continenti ci sono sulla Terra?"
"3","58","Qual è l'animale terrestre più veloce?"
"4","58","Qual è la capitale del Canada?"
"5","58","Chi ha scritto ""Orgoglio e Pregiudizio""?"
"1","59","Quando iniziò la Rivoluzione Francese?"
"2","59","Chi fu Napoleone Bonaparte?"
"3","59","Cosa fu la Restaurazione?"
"4","59","Quale evento scatenò la Prima Guerra Mondiale?"
"5","59","Chi fu Benito Mussolini?"
"1","60","Qual è la cellula base degli esseri viventi?"
"2","60","Cosa trasporta il sangue?"
"3","60","Quale organo produce la bile?"
"4","60","Cosa sono i geni?"
"5","60","Qual è la funzione dei polmoni?"
"1","61","Qual è il simbolo chimico dell'ossigeno?"
"2","61","Cosa sono gli atomi?"
"3","61","Qual è il numero atomico dell'Idrogeno?"
"4","61","Cos'è una molecola?"
"5","61","Qual è la formula chimica dell'anidride carbonica?"
"1","62","Cosa misura il volt?"
"2","62","Qual è l'unità di misura della forza?"
"3","62","Cosa afferma la legge di Ohm?"
"4","62","Cos'è l'energia potenziale?"
"5","62","Qual è la velocità della luce nel vuoto?"
"1","63","Come si dice ""hello"" in italiano?"
"2","63","Come si dice ""thank you"" in italiano?"
"3","63","Come si dice ""good morning"" in italiano?"
"4","63","Come si dice ""please"" in italiano?"
"5","63","Come si dice ""excuse me"" in italiano?"
"1","64","Come si dice ""hola"" in italiano?"
"2","64","Come si dice ""gracias"" in italiano?"
"3","64","Come si dice ""buenos días"" in italiano?"
"4","64","Come si dice ""por favor"" in italiano?"
"5","64","Come si dice ""perdón"" in italiano?"
"1","65","Cos'è l'apertura del diaframma?"
"2","65","Cosa sono i megapixel?"
"3","65","Cos'è la regola dei terzi?"
"4","65","Cosa significa ISO?"
"5","65","Qual è la differenza tra JPEG e RAW?"
"1","66","Chi è considerato il padre dell'arte astratta?"
"2","66","Cos'è il Cubismo?"
"3","66","Quale artista ha dipinto ""Guernica""?"
"4","66","Cos'è la Pop Art?"
"5","66","Chi è Andy Warhol?"
"1","67","Cosa studia la psicologia?"
"2","67","Chi fu Sigmund Freud?"
"3","67","Cos'è l'inconscio?"
"4","67","Cos'è la terapia cognitivo-comportamentale?"
"5","67","Cosa sono le emozioni primarie?"
"1","68","Cosa studia la sociologia?"
"2","68","Chi fu Emile Durkheim?"
"3","68","Cos'è la struttura sociale?"
"4","68","Cosa sono le norme sociali?"
"5","68","Cos'è la devianza?"
"1","69","Cos'è una legge?"
"2","69","Cos'è la Costituzione Italiana?"
"3","69","Cos'è un contratto?"
"4","69","Cos'è il diritto penale?"
"5","69","Cosa significa presunzione di innocenza?"
"1","70","Cos'è un partito politico?"
"2","70","Chi è il Presidente del Consiglio in Italia?"
"3","70","Cos'è il Parlamento Italiano?"
"4","70","Cosa sono le elezioni?"
"5","70","Cos'è la democrazia?"
"1","71","Qual è la religione più diffusa al mondo?"
"2","71","Chi è il leader spirituale del Buddhismo?"
"3","71","Cos'è l'Islam?"
"4","71","Cos'è l'Induismo?"
"5","71","Qual è il testo sacro del Cristianesimo?"
"1","72","Chi ha progettato il Duomo di Firenze?"
"2","72","Cos'è lo stile Barocco in architettura?"
"3","72","Chi ha progettato la Sagrada Familia?"
"4","72","Cos'è il cemento armato?"
"5","72","Chi è Frank Lloyd Wright?"
"1","73","Chi è considerato il padre del design italiano?"
"2","73","Cos'è il design industriale?"
"3","73","Qual è un famoso oggetto di design italiano?"
"4","73","Cos'è il Salone del Mobile di Milano?"
"5","73","Chi è Gio Ponti?"
"1","74","Chi è considerato il re del Rock and Roll?"
"2","74","Cos'è il Jazz?"
"3","74","Quale band ha composto l'album ""Sgt. Pepper's Lonely Hearts Club Band""?"
"4","74","Chi è la regina del Pop?"
"5","74","Cos'è l'Hip Hop?"
"1","75","Chi ha scritto ""Romeo e Giulietta""?"
"2","75","Cos'è la commedia dell'arte?"
"3","75","Chi è un famoso attore teatrale italiano?"
"4","75","Cos'è la regia teatrale?"
"5","75","Qual è un famoso teatro italiano?"
"1","76","Chi ha creato Topolino?"
"2","76","Cos'è un manga?"
"3","76","Chi è un famoso fumettista italiano?"
"4","76","Cos'è l'animazione giapponese?"
"5","76","Qual è un famoso studio di animazione?"
"1","77","Cos'è una console per videogiochi?"
"2","77","Qual è il videogioco più venduto della storia?"
"3","77","Cosa significa RPG?"
"4","77","Cos'è un eSports?"
"5","77","Qual è una famosa azienda produttrice di videogiochi?"
"1","78","Qual è il marchio automobilistico più venduto al mondo?"
"2","78","Cos'è un motore a combustione interna?"
"3","78","Chi ha inventato l'automobile?"
"4","78","Cos'è la Formula 1?"
"5","78","Qual è un famoso circuito di gara?"
"1","79","Qual è la capitale della Thailandia?"
"2","79","Qual è il paese più grande del mondo per superficie?"
"3","79","Cos'è il turismo sostenibile?"
"4","79","Qual è una famosa attrazione turistica in Italia?"
"5","79","Qual è il deserto più grande del mondo?"
"1","80","Chi fu il primo uomo sulla Luna?"
"2","80","Quando è caduto il Muro di Berlino?"
"3","80","Cos'è la globalizzazione?"
"4","80","Quale fu la causa principale della Seconda Guerra Mondiale?"
"5","80","Chi ricevette il primo Premio Nobel per la pace?"
"1","103","Qual è la definizione di funzione in matematica?"
"1","0","Di chi era figlio adottivo l'imperatore Augusto?"
"2","0","Quale grande città introdusse la prima linea tranviaria urbana nel 1832?"
"2","88","Quale grande città introdusse la prima linea tranviaria urbana nel 1832?"
"1","88","Di chi era figlio adottivo l'imperatore Augusto?"
"3","88","Quando è avvenuta la riunificazione della Germania?"
"4","88","Qual è stato il paese che è entrato nell'UE nel 2013?"
"1","89","Qual è il quarto stato della materia, insieme a quello gassoso, liquido e solido?"
"2","89","Con quale nome è più comunemente conosciuta la patella?"
"3","89","Qual è il pianate più gassoso del nostro Sistema Solare?"
"4","89","Come si chiamano le piante che perdono le foglie in autunno?"
"1","90","Quale paese ha il maggior numero di isole al mondo?"
"2","90","Qual è il paese più piccolo del mondo?"
"3","90","Qual è la capitale del Canada?"
"4","90","Denominare la catena montuosa più estesa (non più alta) del mondo?"
"5","90","Dov’è il posto naturale più basso del pianeta Terra?"
"6","90","Il fiume più lungo del mondo?"
"1","91","Chi fu l’amante di Kiki de Montparnasse?"
"2","91","In letteratura, come si chiama una poesia in cui la disposizione grafica delle parole sulla pagina forma un disegno?"
"3","91","Qual è il nome di Madame Bovary, personaggio eponimo del romanzo di Flaubert?"
"1","92","Come si chiama la barca tradizionale del bacino di Arcachon?"
"2","92","Nel calcio, quale tipo di rimessa in gioco viene effettuata dopo che la squadra avversaria ha fatto uscire il pallone da una linea di porta?"
"3","92","In quale anno si sono svolte le prime Olimpiadi invernali?"
"4","92","Quanti tornei del Grande Slam ha vinto Rafael Nadal prima di ritirarsi nel 2024?"
"5","92","Quale sport ha una variante “greco-romana”?"
"1","93","Quando ha aperto la metropolitana di Londra?"
"2","93","Chi ha inventato il World Wide Web e quando?"
"3","93","Chi ha inventato l’iconico abitino nero?"
"4","93","Che cosa è successo il 20 luglio 1969?"
"5","93","Quando fu pubblicato il primo numero di Vogue:"
"2","103","Cosa rappresenta il paradosso di Russel?"
"3","103","Quando è vera un'implicazione P->Q?"
"4","103","Qual è il prodotto cartesiano di due insiemi A e B?"
"5","103","La radice quadrata di (-3)^2 è -3?"
"6","103","Qual è la condizione per una relazione di divisibilità?"
"7","103","Qual è la differenza tra relazione e funzione?"
"8","103","Qual è il significato del simbolo ⊆ in insiemistica?"
