"codice","creatore","titolo","dataInizio","dataFine"
"41","user01","Capitali Europee","2024-01-10","2025-01-20"
"42","user02","Matematica Base","2023-02-05","2025-02-15"
"43","user01","Storia Romana","2025-03-12","2025-03-22"
"44","user03","Scienze Naturali","2023-04-01","2025-04-11"
"45","user04","Letteratura Italiana","2024-04-15","2025-04-25"
"46","user05","Geografia Italiana","2025-05-05","2026-05-15"
"47","user06","Storia Medievale","2023-05-20","2025-05-30"
"48","user07","Informatica Base","2024-06-01","2025-06-11"
"49","user08","Cucina Italiana","2025-06-15","2026-06-25"
"50","user09","Sport","2023-07-01","2025-07-11"
"51","user10","Musica Classica","2024-07-10","2025-07-20"
"52","user11","Arte Rinascimentale","2025-08-05","2025-08-15"
"53","user12","Mitologia Greca","2023-08-20","2025-08-30"
"54","user13","Astronomia","2024-09-01","2026-09-11"
"55","user14","Economia Base","2025-09-15","2025-09-25"
"56","user15","Filosofia","2023-10-01","2025-10-11"
"57","user16","Cinema Italiano","2024-10-10","2026-10-20"
"58","user17","Cultura Generale I","2025-10-25","2025-11-04"
"59","user18","Storia Moderna","2023-11-05","2025-11-15"
"60","user19","Biologia Base","2024-11-20","2025-11-30"
"61","user20","Chimica Base","2025-12-01","2026-12-11"
"62","user21","Fisica Base","2023-12-15","2025-12-25"
"63","user22","Lingua Inglese Base","2024-01-05","2025-01-15"
"64","user23","Lingua Spagnola Base","2025-02-10","2025-02-20"
"65","user24","Fotografia Base","2023-03-05","2025-03-15"
"66","user25","Storia dell Arte Mod","2024-04-10","2026-04-20"
"67","user26","Psicologia Base","2025-05-01","2025-05-11"
"68","user27","Sociologia Base","2023-06-10","2025-06-20"
"69","user28","Diritto Base","2024-07-15","2025-07-25"
"70","user29","Politica Italiana","2025-08-05","2025-08-15"
"71","user30","Religioni del Mondo","2023-09-10","2025-09-20"
"72","user31","Architettura","2024-10-05","2026-10-15"
"73","user32","Design Italiano","2025-11-11","2025-11-21"
"74","user33","Moda Italiana","2023-12-01","2025-12-11"
"75","user34","Storia della Musica ","2024-01-20","2025-01-30"
"76","user35","Teatro","2025-02-25","2026-03-06"
"77","user36","Fumetti e Animazione","2023-03-15","2025-03-25"
"78","user37","Videogiochi","2024-04-20","2025-04-30"
"79","user38","Motori","2025-05-15","2026-05-25"
"80","user39","Viaggi e Turismo","2023-06-01","2025-06-11"
"88","raii","Quiz di cultura generale","2025-05-12","2025-05-31"
"89","raii","Cultura generale scienze","2025-05-15","2025-06-27"
"90","galonzi","Geografia Mondiale","2025-05-12","2025-06-30"
"91","raii","Domande di arte e letteratura","2025-05-12","2025-09-04"
"92","raii","Domande sullo sport","2025-11-03","2026-11-19"
"93","galonzi","Storia e Moda","2025-05-14","2025-08-28"
"103","raii","Matematica generale","2025-05-28","2027-07-08"
