"domanda","quizCodice","numero","testo","tipoRisposta","punteggio"
"1","41","1","Berlino","Sbagliata","0"
"1","41","2","Parigi","Corretta","1"
"1","41","3","Roma","Sbagliata","0"
"2","41","1","Parigi","Sbagliata","0"
"2","41","2","Berlino","Corretta","1"
"2","41","3","Lisbona","Sbagliata","0"
"3","41","1","Madrid","Sbagliata","0"
"3","41","2","Roma","Sbagliata","0"
"3","41","3","Londra","Corretta","1"
"4","41","1","Roma","Corretta","1"
"4","41","2","Milano","Sbagliata","0"
"4","41","3","Napoli","Sbagliata","0"
"5","41","1","Lisbona","Sbagliata","0"
"5","41","2","Madrid","Corretta","1"
"5","41","3","Dublino","Sbagliata","0"
"6","41","1","Madrid","Sbagliata","0"
"6","41","2","Lisbona","Corretta","1"
"6","41","3","Londra","Sbagliata","0"
"1","42","1","3","Sbagliata","0"
"1","42","2","4","Corretta","1"
"1","42","3","5","Sbagliata","0"
"2","42","1","10","Sbagliata","0"
"2","42","2","15","Corretta","1"
"2","42","3","20","Sbagliata","0"
"3","42","1","2","Sbagliata","0"
"3","42","2","5","Corretta","1"
"3","42","3","10","Sbagliata","0"
"4","42","1","3","Corretta","1"
"4","42","2","4","Sbagliata","0"
"4","42","3","5","Sbagliata","0"
"5","42","1","3","Corretta","1"
"5","42","2","4","Sbagliata","0"
"5","42","3","9","Sbagliata","0"
"1","43","1","Giulio Cesare","Sbagliata","0"
"1","43","2","Augusto","Corretta","1"
"1","43","3","Nerone","Sbagliata","0"
"2","43","1","753 a.C.","Corretta","1"
"2","43","2","1492 d.C.","Sbagliata","0"
"2","43","3","476 d.C.","Sbagliata","0"
"3","43","1","Marco Antonio","Sbagliata","0"
"3","43","2","Giulio Cesare","Corretta","1"
"3","43","3","Cicerone","Sbagliata","0"
"4","43","1","Greci","Sbagliata","0"
"4","43","2","Persiani","Sbagliata","0"
"4","43","3","Galli","Corretta","1"
"5","43","1","Arno","Sbagliata","0"
"5","43","2","Tevere","Corretta","1"
"5","43","3","Po","Sbagliata","0"
"6","43","1","Senatus Populusque Romanus","Corretta","1"
"6","43","2","Solo Popolo Romano","Sbagliata","0"
"6","43","3","Soldati Romani","Sbagliata","0"
"7","43","1","Romolo","Sbagliata","0"
"7","43","2","Tarquinio il Superbo","Corretta","1"
"7","43","3","Numa Pompilio","Sbagliata","0"
"1","44","1","H2O","Corretta","1"
"1","44","2","CO2","Sbagliata","0"
"1","44","3","O2","Sbagliata","0"
"2","44","1","Terra","Sbagliata","0"
"2","44","2","Giove","Corretta","1"
"2","44","3","Marte","Sbagliata","0"
"3","44","1","Respirazione","Sbagliata","0"
"3","44","2","Fotosintesi","Corretta","1"
"3","44","3","Digestione","Sbagliata","0"
"4","44","1","Cuore","Sbagliata","0"
"4","44","2","Polmoni","Corretta","1"
"4","44","3","Stomaco","Sbagliata","0"
"5","44","1","Albert Einstein","Sbagliata","0"
"5","44","2","Isaac Newton","Corretta","1"
"5","44","3","Galileo Galilei","Sbagliata","0"
"1","45","1","Alessandro Manzoni","Sbagliata","0"
"1","45","2","Dante Alighieri","Corretta","1"
"1","45","3","Ugo Foscolo","Sbagliata","0"
"2","45","1","XII secolo","Sbagliata","0"
"2","45","2","XIV secolo","Corretta","1"
"2","45","3","XVI secolo","Sbagliata","0"
"3","45","1","Giovanni Pascoli","Sbagliata","0"
"3","45","2","Giacomo Leopardi","Corretta","1"
"3","45","3","Gabriele D'Annunzio","Sbagliata","0"
"4","45","1","Renzo Tramaglino","Corretta","1"
"4","45","2","Lucia Mondella","Sbagliata","0"
"4","45","3","Fra Cristoforo","Sbagliata","0"
"5","45","1","Romanticismo","Sbagliata","0"
"5","45","2","Decadentismo","Sbagliata","0"
"5","45","3","Futurismo","Corretta","1"
"1","46","1","Roma","Sbagliata","0"
"1","46","2","Milano","Corretta","1"
"1","46","3","Torino","Sbagliata","0"
"2","46","1","Lazio","Sbagliata","0"
"2","46","2","Toscana","Corretta","1"
"2","46","3","Veneto","Sbagliata","0"
"3","46","1","Monte Bianco","Corretta","1"
"3","46","2","Monte Rosa","Sbagliata","0"
"3","46","3","Gran Sasso","Sbagliata","0"
"4","46","1","Mar Tirreno","Sbagliata","0"
"4","46","2","Mar Ionio","Sbagliata","0"
"4","46","3","Mar Adriatico","Corretta","1"
"5","46","1","Tevere","Sbagliata","0"
"5","46","2","Po","Corretta","1"
"5","46","3","Arno","Sbagliata","0"
"1","47","1","XI secolo","Sbagliata","0"
"1","47","2","XIV secolo","Corretta","1"
"1","47","3","XVII secolo","Sbagliata","0"
"2","47","1","Un re francese","Sbagliata","0"
"2","47","2","Imperatore del Sacro Romano Imp","Corretta","1"
"2","47","3","Un condottiero vichingo","Sbagliata","0"
"3","47","1","Motivi economici","Sbagliata","0"
"3","47","2","Liberare la Terra Santa","Corretta","1"
"3","47","3","Conquistare la Cina","Sbagliata","0"
"4","47","1","Un'alleanza militare","Sbagliata","0"
"4","47","2","Un impero europeo medievale","Corretta","1"
"4","47","3","Un ordine cavalleresco","Sbagliata","0"
"5","47","1","Un teologo","Sbagliata","0"
"5","47","2","Il fondatore dell'ordine france","Corretta","1"
"5","47","3","Un pittore","Sbagliata","0"
"1","48","1","Central Processing Unit","Corretta","1"
"1","48","2","Computer Personal Unit","Sbagliata","0"
"1","48","3","Control Panel Unit","Sbagliata","0"
"2","48","1","Microsoft Word","Sbagliata","0"
"2","48","2","Python","Corretta","1"
"2","48","3","Adobe Photoshop","Sbagliata","0"
"3","48","1","Un'unità di misura dell'energia","Sbagliata","0"
"3","48","2","Un'unità di misura della memori","Corretta","1"
"3","48","3","Un tipo di file","Sbagliata","0"
"4","48","1","Una rete di computer interconne","Corretta","1"
"4","48","2","Un programma per scrivere testi","Sbagliata","0"
"4","48","3","Un tipo di hardware","Sbagliata","0"
"5","48","1","World Wide Web","Corretta","1"
"5","48","2","Wordless Web World","Sbagliata","0"
"5","48","3","Wide World of Websites","Sbagliata","0"
"1","49","1","Riso","Sbagliata","0"
"1","49","2","Farina di grano duro","Corretta","1"
"1","49","3","Patate","Sbagliata","0"
"2","49","1","Parmigiano Reggiano","Sbagliata","0"
"2","49","2","Pecorino Romano","Corretta","1"
"2","49","3","Mozzarella","Sbagliata","0"
"3","49","1","Roma","Sbagliata","0"
"3","49","2","Napoli","Corretta","1"
"3","49","3","Palermo","Sbagliata","0"
"4","49","1","Un tipo di pane","Sbagliata","0"
"4","49","2","Un primo piatto a base di patat","Corretta","1"
"4","49","3","Un tipo di formaggio","Sbagliata","0"
"5","49","1","Tiramisù","Sbagliata","0"
"5","49","2","Pastiera Napoletana","Corretta","1"
"5","49","3","Cannolo Siciliano","Sbagliata","0"
"1","50","1","Tennis","Sbagliata","0"
"1","50","2","Calcio","Corretta","1"
"1","50","3","Pallavolo","Sbagliata","0"
"2","50","1","9","Sbagliata","0"
"2","50","2","11","Corretta","1"
"2","50","3","15","Sbagliata","0"
"3","50","1","Un torneo di tennis","Sbagliata","0"
"3","50","2","Una competizione ciclistica","Corretta","1"
"3","50","3","Una gara di nuoto","Sbagliata","0"
"4","50","1","Atletica","Sbagliata","0"
"4","50","2","Nuoto","Corretta","1"
"4","50","3","Scherma","Sbagliata","0"
"5","50","1","Monza","Corretta","1"
"5","50","2","Monte Carlo","Sbagliata","0"
"5","50","3","Silverstone","Sbagliata","0"
"1","51","1","Mozart","Sbagliata","0"
"1","51","2","Beethoven","Corretta","1"
"1","51","3","Bach","Sbagliata","0"
"2","51","1","Violino","Sbagliata","0"
"2","51","2","Pianoforte","Sbagliata","0"
"2","51","3","Clavicembalo","Corretta","1"
"3","51","1","Un concerto per pianoforte","Sbagliata","0"
"3","51","2","Uno spettacolo teatrale musicat","Corretta","1"
"3","51","3","Una sinfonia","Sbagliata","0"
"4","51","1","Bach","Sbagliata","0"
"4","51","2","Vivaldi","Corretta","1"
"4","51","3","Handel","Sbagliata","0"
"5","51","1","1600-1750","Corretta","1"
"5","51","2","1750-1820","Sbagliata","0"
"5","51","3","1820-1910","Sbagliata","0"
"1","52","1","Raffaello Sanzio","Sbagliata","0"
"1","52","2","Leonardo da Vinci","Corretta","1"
"1","52","3","Michelangelo Buonarroti","Sbagliata","0"
"2","52","1","Roma","Sbagliata","0"
"2","52","2","Firenze","Corretta","1"
"2","52","3","Venezia","Sbagliata","0"
"3","52","1","Una tecnica di scultura","Sbagliata","0"
"3","52","2","Una tecnica di pittura murale","Corretta","1"
"3","52","3","Un tipo di mosaico","Sbagliata","0"
"4","52","1","Sforza","Sbagliata","0"
"4","52","2","Medici","Corretta","1"
"4","52","3","Borgia","Sbagliata","0"
"5","52","1","Donatello","Sbagliata","0"
"5","52","2","Michelangelo","Corretta","1"
"5","52","3","Bernini","Sbagliata","0"
"1","53","1","Ade","Sbagliata","0"
"1","53","2","Zeus","Corretta","1"
"1","53","3","Poseidone","Sbagliata","0"
"2","53","1","Era","Sbagliata","0"
"2","53","2","Afrodite","Corretta","1"
"2","53","3","Atena","Sbagliata","0"
"3","53","1","Una città sacra","Sbagliata","0"
"3","53","2","La dimora degli dei","Corretta","1"
"3","53","3","Un tempio","Sbagliata","0"
"4","53","1","Achille","Corretta","1"
"4","53","2","Romolo","Sbagliata","0"
"4","53","3","Enea","Sbagliata","0"
"5","53","1","Una prigione","Sbagliata","0"
"5","53","2","Una complessa struttura con un ","Corretta","1"
"5","53","3","Un tempio sotterraneo","Sbagliata","0"
"1","54","1","Sirio","Sbagliata","0"
"1","54","2","Proxima Centauri","Corretta","1"
"1","54","3","Alpha Centauri A","Sbagliata","0"
"2","54","1","Galassia di Andromeda","Sbagliata","0"
"2","54","2","Via Lattea","Corretta","1"
"2","54","3","Galassia del Triangolo","Sbagliata","0"
"3","54","1","Una stella morente","Sbagliata","0"
"3","54","2","Una regione dello spaziotempo c","Corretta","1"
"3","54","3","Un tipo di nebulosa","Sbagliata","0"
"4","54","1","Venere","Sbagliata","0"
"4","54","2","Marte","Corretta","1"
"4","54","3","Giove","Sbagliata","0"
"5","54","1","Un asteroide","Sbagliata","0"
"5","54","2","Un corpo celeste ghiacciato con","Corretta","1"
"5","54","3","Un satellite","Sbagliata","0"
"1","55","1","Prodotto Interno Lordo","Corretta","1"
"1","55","2","Prodotto Industriale Lordo","Sbagliata","0"
"1","55","3","Prodotto Internazionale Lordo","Sbagliata","0"
"2","55","1","Pagamenti obbligatori allo stat","Corretta","1"
"2","55","2","Investimenti in borsa","Sbagliata","0"
"2","55","3","Donazioni volontarie","Sbagliata","0"
"3","55","1","Aumento generale dei prezzi","Corretta","1"
"3","55","2","Diminuzione della disoccupazion","Sbagliata","0"
"3","55","3","Crescita economica","Sbagliata","0"
"4","55","1","Un luogo dove si comprano e ven","Corretta","1"
"4","55","2","Un negozio di alimentari","Sbagliata","0"
"4","55","3","Un'agenzia di viaggi","Sbagliata","0"
"5","55","1","Una banca privata","Sbagliata","0"
"5","55","2","L'istituzione che gestisce la p","Corretta","1"
"5","55","3","Una banca d'investimento","Sbagliata","0"
"1","56","1","Aristotele","Sbagliata","0"
"1","56","2","Socrate","Corretta","1"
"1","56","3","Platone","Sbagliata","0"
"2","56","1","Che la realtà è solo quella che","Sbagliata","0"
"2","56","2","Che la vera realtà risiede in u","Corretta","1"
"2","56","3","Che la conoscenza deriva dall'e","Sbagliata","0"
"3","56","1","Hegel","Sbagliata","0"
"3","56","2","Kant","Corretta","1"
"3","56","3","Nietzsche","Sbagliata","0"
"4","56","1","Una corrente artistica","Sbagliata","0"
"4","56","2","Una corrente filosofica che enf","Corretta","1"
"4","56","3","Una teoria scientifica","Sbagliata","0"
"5","56","1","Aristotele","Sbagliata","0"
"5","56","2","Socrate","Corretta","1"
"5","56","3","Platone","Sbagliata","0"
"1","57","1","Luchino Visconti","Sbagliata","0"
"1","57","2","Federico Fellini","Corretta","1"
"1","57","3","Roberto Rossellini","Sbagliata","0"
"2","57","1","Sophia Loren","Corretta","1"
"2","57","2","Gina Lollobrigida","Sbagliata","0"
"2","57","3","Anna Magnani","Sbagliata","0"
"3","57","1","Un movimento pittorico","Sbagliata","0"
"3","57","2","Una corrente cinematografica de","Corretta","1"
"3","57","3","Un genere musicale","Sbagliata","0"
"4","57","1","Ennio Morricone","Sbagliata","0"
"4","57","2","Nino Rota","Corretta","1"
"4","57","3","Armando Trovajoli","Sbagliata","0"
"5","57","1","Alberto Sordi","Corretta","1"
"5","57","2","Vittorio Gassman","Sbagliata","0"
"5","57","3","Marcello Mastroianni","Sbagliata","0"
"1","58","1","Sergio Mattarella","Corretta","1"
"1","58","2","Giuseppe Conte","Sbagliata","0"
"1","58","3","Giorgia Meloni","Sbagliata","0"
"2","58","1","5","Sbagliata","0"
"2","58","2","6","Sbagliata","0"
"2","58","3","7","Corretta","1"
"3","58","1","Leopardo","Sbagliata","0"
"3","58","2","Ghepardo","Corretta","1"
"3","58","3","Tigre","Sbagliata","0"
"4","58","1","Washington D.C.","Sbagliata","0"
"4","58","2","Ottawa","Corretta","1"
"4","58","3","Città del Messico","Sbagliata","0"
"5","58","1","Jane Austen","Corretta","1"
"5","58","2","Charles Dickens","Sbagliata","0"
"5","58","3","Emily Bronte","Sbagliata","0"
"1","59","1","1789","Corretta","1"
"1","59","2","1815","Sbagliata","0"
"1","59","3","1914","Sbagliata","0"
"2","59","1","Un re francese","Sbagliata","0"
"2","59","2","Un imperatore francese","Corretta","1"
"2","59","3","Un filosofo","Sbagliata","0"
"3","59","1","Un periodo di riforme","Sbagliata","0"
"3","59","2","Il ripristino delle monarchie i","Corretta","1"
"3","59","3","Una rivoluzione","Sbagliata","0"
"4","59","1","L'assassinio dell'Arciduca Fran","Corretta","1"
"4","59","2","La crisi economica del 1929","Sbagliata","0"
"4","59","3","L'invasione della Polonia","Sbagliata","0"
"5","59","1","Un leader socialista","Sbagliata","0"
"5","59","2","Il fondatore del Fascismo","Corretta","1"
"5","59","3","Un leader comunista","Sbagliata","0"
"1","60","1","Atomo","Sbagliata","0"
"1","60","2","Cellula","Corretta","1"
"1","60","3","Molecola","Sbagliata","0"
"2","60","1","Ossigeno","Sbagliata","0"
"2","60","2","Nutrienti, ossigeno, scarti","Corretta","1"
"2","60","3","Solo acqua","Sbagliata","0"
"3","60","1","Rene","Sbagliata","0"
"3","60","2","Fegato","Corretta","1"
"3","60","3","Pancreas","Sbagliata","0"
"4","60","1","Segmenti di DNA che portano inf","Corretta","1"
"4","60","2","Componenti del sangue","Sbagliata","0"
"4","60","3","Tipi di proteine","Sbagliata","0"
"5","60","1","Filtrare il sangue","Sbagliata","0"
"5","60","2","Permettere lo scambio di ossige","Corretta","1"
"5","60","3","Pompare il sangue","Sbagliata","0"
"1","61","1","O","Corretta","1"
"1","61","2","H","Sbagliata","0"
"1","61","3","C","Sbagliata","0"
"2","61","1","Le più piccole particelle di un","Corretta","1"
"2","61","2","Gruppi di cellule","Sbagliata","0"
"2","61","3","Tipi di energia","Sbagliata","0"
"3","61","1","1","Corretta","1"
"3","61","2","2","Sbagliata","0"
"3","61","3","6","Sbagliata","0"
"4","61","1","Un singolo atomo","Sbagliata","0"
"4","61","2","Un gruppo di atomi legati insie","Corretta","1"
"4","61","3","Una particella subatomica","Sbagliata","0"
"5","61","1","H2O","Sbagliata","0"
"5","61","2","CO2","Corretta","1"
"5","61","3","O2","Sbagliata","0"
"1","62","1","Corrente elettrica","Sbagliata","0"
"1","62","2","Differenza di potenziale elettr","Corretta","1"
"1","62","3","Resistenza elettrica","Sbagliata","0"
"2","62","1","Watt","Sbagliata","0"
"2","62","2","Newton","Corretta","1"
"2","62","3","Joule","Sbagliata","0"
"3","62","1","La relazione tra tensione, corr","Corretta","1"
"3","62","2","La conservazione dell'energia","Sbagliata","0"
"3","62","3","L'equivalenza massa-energia","Sbagliata","0"
"4","62","1","L'energia dovuta al movimento","Sbagliata","0"
"4","62","2","L'energia immagazzinata a causa","Corretta","1"
"4","62","3","L'energia termica","Sbagliata","0"
"5","62","1","Circa 300.000 km/s","Corretta","1"
"5","62","2","Circa 343 m/s","Sbagliata","0"
"5","62","3","Infinita","Sbagliata","0"
"1","63","1","Ciao","Corretta","1"
"1","63","2","Grazie","Sbagliata","0"
"1","63","3","Buongiorno","Sbagliata","0"
"2","63","1","Ciao","Sbagliata","0"
"2","63","2","Grazie","Corretta","1"
"2","63","3","Prego","Sbagliata","0"
"3","63","1","Ciao","Sbagliata","0"
"3","63","2","Buonasera","Sbagliata","0"
"3","63","3","Buongiorno","Corretta","1"
"4","63","1","Grazie","Sbagliata","0"
"4","63","2","Prego","Sbagliata","0"
"4","63","3","Per favore","Corretta","1"
"5","63","1","Grazie","Sbagliata","0"
"5","63","2","Mi scusi","Corretta","1"
"5","63","3","Ciao","Sbagliata","0"
"1","64","1","Ciao","Sbagliata","0"
"1","64","2","Hola","Sbagliata","0"
"1","64","3","Ciao","Sbagliata","0"
"1","64","1","Ciao","Corretta","1"
"1","64","2","Grazie","Sbagliata","0"
"1","64","3","Buongiorno","Sbagliata","0"
"2","64","1","Ciao","Sbagliata","0"
"2","64","2","Grazie","Corretta","1"
"2","64","3","Prego","Sbagliata","0"
"3","64","1","Ciao","Sbagliata","0"
"3","64","2","Buonasera","Sbagliata","0"
"3","64","3","Buongiorno","Corretta","1"
"4","64","1","Grazie","Sbagliata","0"
"4","64","2","Prego","Sbagliata","0"
"4","64","3","Per favore","Corretta","1"
"5","64","1","Grazie","Sbagliata","0"
"5","64","2","Mi scusi","Corretta","1"
"5","64","3","Ciao","Sbagliata","0"
"1","65","1","La velocità dell'otturatore","Sbagliata","0"
"1","65","2","La dimensione dell'apertura del","Corretta","1"
"1","65","3","La sensibilità ISO","Sbagliata","0"
"2","65","1","La dimensione fisica del sensor","Sbagliata","0"
"2","65","2","Il numero di pixel in un'immagi","Corretta","1"
"2","65","3","Il tipo di obiettivo","Sbagliata","0"
"3","65","1","Una tecnica per impostare l'esp","Sbagliata","0"
"3","65","2","Una linea guida per comporre un","Corretta","1"
"3","65","3","Un tipo di filtro","Sbagliata","0"
"4","65","1","International Standard Organiza","Sbagliata","0"
"4","65","2","La sensibilità del sensore alla","Corretta","1"
"4","65","3","Image Stabilization Option","Sbagliata","0"
"5","65","1","JPEG è compresso, RAW no","Corretta","1"
"5","65","2","Sono lo stesso formato","Sbagliata","0"
"5","65","3","RAW è un formato video, JPEG pe","Sbagliata","0"
"1","66","1","Pablo Picasso","Sbagliata","0"
"1","66","2","Wassily Kandinsky","Corretta","1"
"1","66","3","Claude Monet","Sbagliata","0"
"2","66","1","Uno stile pittorico che scompon","Corretta","1"
"2","66","2","Una corrente scultorea","Sbagliata","0"
"2","66","3","Un tipo di architettura","Sbagliata","0"
"3","66","1","Salvador Dalì","Sbagliata","0"
"3","66","2","Pablo Picasso","Corretta","1"
"3","66","3","Joan Mirò","Sbagliata","0"
"4","66","1","Un movimento artistico ispirato","Corretta","1"
"4","66","2","Un genere musicale","Sbagliata","0"
"4","66","3","Una tecnica fotografica","Sbagliata","0"
"5","66","1","Un musicista","Sbagliata","0"
"5","66","2","Un artista pop","Corretta","1"
"5","66","3","Uno scrittore","Sbagliata","0"
"1","67","1","Il comportamento umano e i proc","Corretta","1"
"1","67","2","Le rocce e i minerali","Sbagliata","0"
"1","67","3","Le stelle e i pianeti","Sbagliata","0"
"2","67","1","Un filosofo greco","Sbagliata","0"
"2","67","2","Il fondatore della psicoanalisi","Corretta","1"
"2","67","3","Un matematico","Sbagliata","0"
"3","67","1","La parte della mente non access","Corretta","1"
"3","67","2","Un tipo di sogno","Sbagliata","0"
"3","67","3","Una malattia mentale","Sbagliata","0"
"4","67","1","Una terapia basata sulla conver","Sbagliata","0"
"4","67","2","Una terapia che lavora su pensi","Corretta","1"
"4","67","3","Una terapia farmacologica","Sbagliata","0"
"5","67","1","Felicità, tristezza, rabbia, pa","Corretta","1"
"5","67","2","Amore, odio","Sbagliata","0"
"5","67","3","Calma, ansia","Sbagliata","0"
"1","68","1","Le piante e gli animali","Sbagliata","0"
"1","68","2","La società e i rapporti sociali","Corretta","1"
"1","68","3","La storia antica","Sbagliata","0"
"2","68","1","Un economista","Sbagliata","0"
"2","68","2","Uno dei fondatori della sociolo","Corretta","1"
"2","68","3","Un politico","Sbagliata","0"
"3","68","1","L'organizzazione della società ","Corretta","1"
"3","68","2","Gli edifici di una città","Sbagliata","0"
"3","68","3","Il sistema politico","Sbagliata","0"
"4","68","1","Regole di matematica","Sbagliata","0"
"4","68","2","Regole di comportamento in una ","Corretta","1"
"4","68","3","Leggi della fisica","Sbagliata","0"
"5","68","1","Comportamento che viola le norm","Corretta","1"
"5","68","2","Successo economico","Sbagliata","0"
"5","68","3","Conformità alle regole","Sbagliata","0"
"1","69","1","Una regola morale","Sbagliata","0"
"1","69","2","Una norma giuridica vincolante","Corretta","1"
"1","69","3","Un'opinione personale","Sbagliata","0"
"2","69","1","La legge fondamentale dello Sta","Corretta","1"
"2","69","2","Un codice penale","Sbagliata","0"
"2","69","3","Un trattato internazionale","Sbagliata","0"
"3","69","1","Un accordo tra due o più parti ","Corretta","1"
"3","69","2","Una promessa informale","Sbagliata","0"
"3","69","3","Un documento storico","Sbagliata","0"
"4","69","1","Il ramo del diritto che regola ","Sbagliata","0"
"4","69","2","Il ramo del diritto che si occu","Corretta","1"
"4","69","3","Il ramo del diritto che regola ","Sbagliata","0"
"5","69","1","Che l'accusato è colpevole fino","Sbagliata","0"
"5","69","2","Che l'accusato è innocente fino","Corretta","1"
"5","69","3","Che l'accusato deve dimostrare ","Sbagliata","0"
"1","70","1","Un'organizzazione sportiva","Sbagliata","0"
"1","70","2","Un'associazione di persone con ","Corretta","1"
"1","70","3","Un'azienda","Sbagliata","0"
"2","70","1","Il capo dello Stato","Sbagliata","0"
"2","70","2","Il capo del governo","Corretta","1"
"2","70","3","Il capo della magistratura","Sbagliata","0"
"3","70","1","L'organo legislativo dello Stat","Corretta","1"
"3","70","2","La sede del governo","Sbagliata","0"
"3","70","3","La corte suprema","Sbagliata","0"
"4","70","1","Competizioni sportive","Sbagliata","0"
"4","70","2","Processi per scegliere i rappre","Corretta","1"
"4","70","3","Esami universitari","Sbagliata","0"
"5","70","1","Un sistema di governo basato su","Sbagliata","0"
"5","70","2","Un sistema di governo in cui il","Corretta","1"
"5","70","3","Un sistema di governo militare","Sbagliata","0"
"1","71","1","Islam","Sbagliata","0"
"1","71","2","Cristianesimo","Corretta","1"
"1","71","3","Induismo","Sbagliata","0"
"2","71","1","Papa","Sbagliata","0"
"2","71","2","Dalai Lama","Corretta","1"
"2","71","3","Imam","Sbagliata","0"
"3","71","1","Una religione monoteista fondat","Corretta","1"
"3","71","2","Una religione politeista","Sbagliata","0"
"3","71","3","Una filosofia","Sbagliata","0"
"4","71","1","Una religione originaria dell'I","Corretta","1"
"4","71","2","Una religione cinese","Sbagliata","0"
"4","71","3","Una religione africana","Sbagliata","0"
"5","71","1","La Torah","Sbagliata","0"
"5","71","2","La Bibbia","Corretta","1"
"5","71","3","Il Corano","Sbagliata","0"
"1","72","1","Leonardo da Vinci","Sbagliata","0"
"1","72","2","Filippo Brunelleschi","Corretta","1"
"1","72","3","Michelangelo","Sbagliata","0"
"2","72","1","Uno stile architettonico con li","Sbagliata","0"
"2","72","2","Uno stile caratterizzato da opu","Corretta","1"
"2","72","3","Uno stile ispirato all'antica G","Sbagliata","0"
"3","72","1","Antoni Gaudí","Corretta","1"
"3","72","2","Frank Lloyd Wright","Sbagliata","0"
"3","72","3","Le Corbusier","Sbagliata","0"
"4","72","1","Un materiale da costruzione a b","Sbagliata","0"
"4","72","2","Un materiale da costruzione com","Corretta","1"
"4","72","3","Un tipo di vetro","Sbagliata","0"
"5","72","1","Un architetto italiano","Sbagliata","0"
"5","72","2","Un architetto americano","Corretta","1"
"5","72","3","Un architetto francese","Sbagliata","0"
"1","73","1","Leonardo da Vinci","Sbagliata","0"
"1","73","2","Gio Ponti","Corretta","1"
"1","73","3","Renzo Piano","Sbagliata","0"
"2","73","1","La progettazione di edifici","Sbagliata","0"
"2","73","2","La progettazione di oggetti pro","Corretta","1"
"2","73","3","La progettazione di giardini","Sbagliata","0"
"3","73","1","La Torre Eiffel","Sbagliata","0"
"3","73","2","La Moka Bialetti","Corretta","1"
"3","73","3","La Statua della Libertà","Sbagliata","0"
"4","73","1","Una fiera del libro","Sbagliata","0"
"4","73","2","Una fiera internazionale del mo","Corretta","1"
"4","73","3","Una sfilata di moda","Sbagliata","0"
"5","73","1","Un pittore","Sbagliata","0"
"5","73","2","Un architetto e designer","Corretta","1"
"5","73","3","Uno scultore","Sbagliata","0"
"1","74","1","Michael Jackson","Sbagliata","0"
"1","74","2","Elvis Presley","Corretta","1"
"1","74","3","Freddie Mercury","Sbagliata","0"
"2","74","1","Un genere musicale nato tra le ","Corretta","1"
"2","74","2","Un tipo di danza","Sbagliata","0"
"2","74","3","Uno stile pittorico","Sbagliata","0"
"3","74","1","Rolling Stones","Sbagliata","0"
"3","74","2","The Beatles","Corretta","1"
"3","74","3","Queen","Sbagliata","0"
"4","74","1","Beyoncé","Sbagliata","0"
"4","74","2","Madonna","Corretta","1"
"4","74","3","Lady Gaga","Sbagliata","0"
"5","74","1","Un genere musicale e culturale","Corretta","1"
"5","74","2","Un tipo di ballo","Sbagliata","0"
"5","74","3","Uno sport","Sbagliata","0"
"1","75","1","William Shakespeare","Corretta","1"
"1","75","2","Molière","Sbagliata","0"
"1","75","3","Fedor Dostoevskij","Sbagliata","0"
"2","75","1","Un genere teatrale italiano bas","Corretta","1"
"2","75","2","Un tipo di balletto","Sbagliata","0"
"2","75","3","Una forma di poesia","Sbagliata","0"
"3","75","1","Roberto Benigni","Corretta","1"
"3","75","2","Luciano Pavarotti","Sbagliata","0"
"3","75","3","Andrea Bocelli","Sbagliata","0"
"4","75","1","La costruzione del palcoscenico","Sbagliata","0"
"4","75","2","La direzione artistica di uno s","Corretta","1"
"4","75","3","La scrittura di testi teatrali","Sbagliata","0"
"5","75","1","Teatro alla Scala di Milano","Corretta","1"
"5","75","2","Colosseo di Roma","Sbagliata","0"
"5","75","3","Arena di Verona","Sbagliata","0"
"1","76","1","Walt Disney","Corretta","1"
"1","76","2","Charles M. Schulz","Sbagliata","0"
"1","76","3","Osamu Tezuka","Sbagliata","0"
"2","76","1","Un tipo di fumetto giapponese","Corretta","1"
"2","76","2","Un genere di musica giapponese","Sbagliata","0"
"2","76","3","Un piatto tipico giapponese","Sbagliata","0"
"3","76","1","Andrea Pazienza","Corretta","1"
"3","76","2","Zerocalcare","Sbagliata","0"
"3","76","3","Milo Manara","Sbagliata","0"
"4","76","1","Un tipo di cucina","Sbagliata","0"
"4","76","2","Film e serie animate prodotte i","Corretta","1"
"4","76","3","Un genere musicale","Sbagliata","0"
"5","76","1","Pixar Animation Studios","Sbagliata","0"
"5","76","2","Studio Ghibli","Corretta","1"
"5","76","3","DreamWorks Animation","Sbagliata","0"
"1","77","1","Un tipo di computer","Sbagliata","0"
"1","77","2","Un dispositivo per giocare ai v","Corretta","1"
"1","77","3","Un software di editing video","Sbagliata","0"
"2","77","1","Super Mario Bros.","Sbagliata","0"
"2","77","2","Minecraft","Corretta","1"
"2","77","3","Grand Theft Auto V","Sbagliata","0"
"3","77","1","Role-Playing Game","Corretta","1"
"3","77","2","Real-Time Processing","Sbagliata","0"
"3","77","3","Racing Performance Gear","Sbagliata","0"
"4","77","1","Competizioni di videogiochi a l","Corretta","1"
"4","77","2","Un nuovo tipo di console","Sbagliata","0"
"4","77","3","Un genere musicale","Sbagliata","0"
"5","77","1","Sony","Corretta","1"
"5","77","2","Apple","Sbagliata","0"
"5","77","3","Google","Sbagliata","0"
"1","78","1","Ford","Sbagliata","0"
"1","78","2","Toyota","Corretta","1"
"1","78","3","Volkswagen","Sbagliata","0"
"2","78","1","Un motore elettrico","Sbagliata","0"
"2","78","2","Un motore che brucia combustibi","Corretta","1"
"2","78","3","Un motore a vapore","Sbagliata","0"
"3","78","1","Henry Ford","Sbagliata","0"
"3","78","2","Karl Benz","Corretta","1"
"3","78","3","Nikola Tesla","Sbagliata","0"
"4","78","1","Un campionato di motociclismo","Sbagliata","0"
"4","78","2","Un campionato mondiale di autom","Corretta","1"
"4","78","3","Una gara di endurance","Sbagliata","0"
"5","78","1","Nurburgring","Corretta","1"
"5","78","2","Indianapolis Motor Speedway","Sbagliata","0"
"5","78","3","Le Mans Circuit","Sbagliata","0"
"1","79","1","Hanoi","Sbagliata","0"
"1","79","2","Bangkok","Corretta","1"
"1","79","3","Kuala Lumpur","Sbagliata","0"
"2","79","1","Cina","Sbagliata","0"
"2","79","2","Russia","Corretta","1"
"2","79","3","Canada","Sbagliata","0"
"3","79","1","Un turismo che danneggia l'ambi","Sbagliata","0"
"3","79","2","Un turismo che rispetta l'ambie","Corretta","1"
"3","79","3","Un turismo di lusso","Sbagliata","0"
"4","79","1","La Torre Eiffel","Sbagliata","0"
"4","79","2","Il Colosseo","Corretta","1"
"4","79","3","La Sagrada Familia","Sbagliata","0"
"5","79","1","Deserto del Sahara","Corretta","1"
"5","79","2","Deserto del Gobi","Sbagliata","0"
"5","79","3","Deserto d'Arabia","Sbagliata","0"
"1","80","1","Buzz Aldrin","Sbagliata","0"
"1","80","2","Neil Armstrong","Corretta","1"
"1","80","3","Jurij Gagarin","Sbagliata","0"
"2","80","1","1989","Corretta","1"
"2","80","2","1991","Sbagliata","0"
"2","80","3","1961","Sbagliata","0"
"3","80","1","Un processo di interconnessione","Corretta","1"
"3","80","2","Un fenomeno climatico","Sbagliata","0"
"3","80","3","Una teoria scientifica","Sbagliata","0"
"4","80","1","L'invasione della Polonia da pa","Corretta","1"
"4","80","2","L'attacco a Pearl Harbor","Sbagliata","0"
"4","80","3","La crisi dei missili di Cuba","Sbagliata","0"
"5","80","1","Woodrow Wilson","Sbagliata","0"
"5","80","2","Jean Henry Dunant e Frédéric Pa","Corretta","1"
"5","80","3","Martin Luther King Jr.","Sbagliata","0"
"1","103","3","Un elenco di coppie ordinate","Sbagliata","0"
"2","0","4","Vienna","Sbagliata","0"
"2","0","3","Berlino","Sbagliata","0"
"2","0","2","Londra","Sbagliata","0"
"1","0","1","Diogene","Sbagliata","0"
"1","0","2","Giulio Cesare","Corretta","1"
"1","0","3","Nerone","Sbagliata","0"
"1","0","4","Marco Antonio","Sbagliata","0"
"2","0","1","New York","Corretta","1"
"3","88","1","1989","Sbagliata","0"
"2","88","4","Vienna","Sbagliata","0"
"2","88","3","Berlino","Sbagliata","0"
"2","88","2","Londra","Sbagliata","0"
"2","88","1","New York","Corretta","1"
"1","88","4","Marco Antonio","Sbagliata","0"
"1","88","3","Nerone","Sbagliata","0"
"1","88","2","Giulio Cesare","Corretta","1"
"1","88","1","Diogene","Sbagliata","0"
"3","88","2","1990","Corretta","1"
"3","88","3","1991","Sbagliata","0"
"3","88","4","1992","Sbagliata","0"
"4","88","1","Croazia","Corretta","1"
"4","88","2","Romania","Sbagliata","0"
"4","88","3","Bulgaria","Sbagliata","0"
"4","88","4","Estonia","Sbagliata","0"
"1","89","1","Plama","Corretta","1"
"1","89","2","Morbido","Sbagliata","0"
"1","89","3","Aereo","Sbagliata","0"
"1","89","4","Idrogenato","Sbagliata","0"
"2","89","1","Paella","Sbagliata","0"
"2","89","2","Rotula","Corretta","1"
"2","89","3","Pasta spalamabile","Sbagliata","0"
"2","89","4","Scapola","Sbagliata","0"
"3","89","1","Giove","Corretta","1"
"3","89","2","Saturno","Sbagliata","0"
"3","89","3","Urano","Sbagliata","0"
"3","89","4","Nettuno","Sbagliata","0"
"4","89","1","Conifere","Sbagliata","0"
"4","89","2","Caducifoglie","Corretta","1"
"4","89","3","Carnivore","Sbagliata","0"
"4","89","4","Sempreverdi","Sbagliata","0"
"1","90","1","Danimarca","Sbagliata","0"
"1","90","2","USA","Sbagliata","0"
"1","90","3","Svezia","Corretta","1"
"1","90","4","Norvegia","Sbagliata","0"
"2","90","1","Il Vaticano","Corretta","1"
"2","90","2","San Marino","Sbagliata","0"
"2","90","3","Liechteinstain","Sbagliata","0"
"2","90","4","Principato di Monaco","Sbagliata","0"
"3","90","1","Toronto","Sbagliata","0"
"3","90","2","Ottawa","Corretta","1"
"3","90","3","Minnesota","Sbagliata","0"
"3","90","4","Boston","Sbagliata","0"
"4","90","1","Le Alpi","Sbagliata","0"
"4","90","2","Gli Appennini","Sbagliata","0"
"4","90","3","Everest","Sbagliata","0"
"4","90","4","Le Ande","Corretta","1"
"5","90","1","Fossa delle Marianne","Corretta","1"
"5","90","2","Nessuna delle precedenti","Sbagliata","0"
"5","90","3","Fossa dei Gabbiani","Sbagliata","0"
"5","90","4","Triangolo delle Bermuda","Sbagliata","0"
"6","90","1","Danubio","Sbagliata","0"
"6","90","2","Po","Sbagliata","0"
"6","90","3","Nilo","Corretta","1"
"6","90","4","Missisipi","Sbagliata","0"
"1","91","1","Pablo Picasso","Sbagliata","0"
"1","91","2","Jean Cocteau","Sbagliata","0"
"1","91","3","Man Ray","Corretta","1"
"1","91","4","Igor Stravinsky","Sbagliata","0"
"2","91","1","Calligramma","Corretta","1"
"2","91","2","Ambigramma","Sbagliata","0"
"2","91","3","Rondò","Sbagliata","0"
"2","91","4","Sonetto","Sbagliata","0"
"3","91","1","Marie","Sbagliata","0"
"3","91","2","Emma","Corretta","1"
"3","91","3","Julie","Sbagliata","0"
"3","91","4","Héloise","Sbagliata","0"
"1","92","1","Piroga","Sbagliata","0"
"1","92","2","Goletta","Sbagliata","0"
"1","92","3","Pinasse","Corretta","1"
"1","92","4","Catamarano","Sbagliata","0"
"2","92","1","Calcio di rinvio","Corretta","1"
"2","92","2","Corner","Sbagliata","0"
"2","92","3","Calcio di punizione","Sbagliata","0"
"2","92","4","Tocco di mano","Sbagliata","0"
"3","92","1","1954","Sbagliata","0"
"3","92","2","1890","Sbagliata","0"
"3","92","3","1924","Corretta","1"
"3","92","4","1974","Sbagliata","0"
"4","92","1","20","Sbagliata","0"
"4","92","2","15","Sbagliata","0"
"4","92","3","33","Sbagliata","0"
"4","92","4","22","Corretta","1"
"5","92","1","Atletica leggera","Sbagliata","0"
"5","92","2","Lotta","Corretta","1"
"5","92","3","Pallavolo","Sbagliata","0"
"5","92","4","Ginnastica artistica","Sbagliata","0"
"1","93","1","1873","Sbagliata","0"
"1","93","2","1863","Corretta","1"
"1","93","3","1815","Sbagliata","0"
"1","93","4","1825","Sbagliata","0"
"2","93","1","Tim Berners-Lee 1990","Corretta","1"
"2","93","2","Walt Disney 1968","Sbagliata","0"
"2","93","3","Mark Zuckenberg 2001","Sbagliata","0"
"2","93","4","Bill Gates 1995","Sbagliata","0"
"3","93","1","Prada","Sbagliata","0"
"3","93","2","Gucci","Sbagliata","0"
"3","93","3","Burberry","Sbagliata","0"
"3","93","4","Chanel","Corretta","1"
"4","93","1","L'italia ha vinto i mondiali","Sbagliata","0"
"4","93","2","Attentato al papa","Sbagliata","0"
"4","93","3","Caduta torri gemelle","Sbagliata","0"
"4","93","4","L’Apollo 11 è atterrato sulla Luna","Corretta","1"
"5","93","1","1892","Corretta","1"
"5","93","2","1960","Sbagliata","0"
"5","93","3","2000","Sbagliata","0"
"5","93","4","1954","Sbagliata","0"
"1","103","4","Un sottoinsieme di AxB","Corretta","1"
"1","103","2","Un sottoinsieme di BxA","Sbagliata","0"
"1","103","1","Una corrispondenza biunivoca","Sbagliata","0"
"2","103","1","Un insieme che contiene se stesso","Sbagliata","0"
"2","103","2","L'esistenza del prodotto cartesiano","Sbagliata","0"
"2","103","3","L'insieme di tutti gli insiemi che non contengono se stessi","Corretta","1"
"2","103","4","Un numero infinito di insiemi","Sbagliata","0"
"3","103","1","Quando P è vera e Q è falsa","Sbagliata","0"
"3","103","2","Quando Q è vera implica P è vera","Sbagliata","0"
"3","103","3","Quando entrambe sono false","Sbagliata","0"
"3","103","4","Quando P è vera implica Q è vera","Corretta","1"
"4","103","1","L'elenco di tutte le coppie ordinate (a; b) con a appartente ad A e b appartente a B","Corretta","1"
"4","103","2","L'elenco di tutti i singoli elementi A e B","Sbagliata","0"
"4","103","3","L'intersezione di A e B","Sbagliata","0"
"4","103","4","L'unione di A e B","Sbagliata","0"
"5","103","1","Vero","Sbagliata","0"
"5","103","2","No, è 4","Sbagliata","0"
"5","103","3","No, è 3/2","Sbagliata","0"
"5","103","4","No, è 3","Corretta","1"
"6","103","1","a è multiplo di b","Sbagliata","0"
"6","103","2","b è somma di a","Sbagliata","0"
"6","103","3","b è multiplo di a","Corretta","1"
"6","103","4","a è differenza di b","Sbagliata","0"
"7","103","1","Una relazione può avere diversi tipi di operazioni","Sbagliata","0"
"7","103","2","Una funzione ha sempre un risultato unico per ogni elemento","Corretta","1"
"7","103","3","Nessuna differenza","Sbagliata","0"
"7","103","4","Una relazione riguarda solo l'uguaglianza","Sbagliata","0"
"8","103","1","Unione","Sbagliata","0"
"8","103","2","Inclusione","Corretta","1"
"8","103","3","Intersezione","Sbagliata","0"
"8","103","4","Appartenenza","Sbagliata","0"
