"nomeUtente","nome","cognome","email"
"lquerini","Luca","Querini","sfolliero@ceschi-sraffa.org"
"galonzi","Gianpietro","Alonzi","piazzimario@sraffa.it"
"rpizzo","Rita","Pizzo","giovanni43@alice.it"
"fliguori","Fiorenzo","Liguori","teresatoninelli@stradivari.com"
"spavone","Sonia","Pavone","raffaele68@gmail.com"
"pfalier","Piergiorgio","Falier","stella67@tele2.it"
"rrizzo","Raffaele","Rizzo","rtrezzini@vodafone.it"
"ipozzecco","Irma","Pozzecco","gorimaurilio@galeati-almagia.it"
"atrupiano","Anita","Trupiano","livio82@yahoo.com"
"ttasca","Tiziana","Tasca","igalilei@guicciardini.net"
"ppalumbo","Pierangelo","Palumbo","fernanda20@tim.it"
"fvianello","Federigo","Vianello","sbottaro@maccanelli.com"
"lcerutti","Lolita","Cerutti","yricolfi@live.com"
"ltomasini","Leopoldo","Tomasini","guido58@petrucci-fuseli.org"
"vbernetti","Vanessa","Bernetti","alderanopinamonte@gmail.com"
"slegnante","Sylvia","Legnante","gaddasimonetta@gmail.com"
"fniggli","Federigo","Niggli","flavio75@libero.it"
"amanunta","Alina","Manunta","lisaconti@gmail.com"
"tcrisafulli","Tonino","Crisafulli","cleblanc@live.com"
"crusticucci","Cesare","Rusticucci","ucibin@live.com"
"mborsiere","Marcello","Borsiere","angelinavidoni@hotmail.it"
"lmastroianni","Ludovico","Mastroianni","michelapapetti@iannelli.org"
"vsollima","Victoria","Sollima","maria90@balotelli.com"
"gangeli","Graziano","Angeli","paoletta13@hotmail.com"
"gstucchi","Gaspare","Stucchi","xcorradi@libero.it"
"gscarfoglio","Giampiero","Scarfoglio","riccatiermes@libero.it"
"vpolani","Vincenzo","Polani","yioppi@sforza.com"
"ntamburello","Nina","Tamburello","dallapeagnolo@vodafone.it"
"sdallapé","Salvatore","Dallapé","marcantoniozacchia@tornatore-quasimodo.it"
"rsegrè","Romeo","Segrè","aldoimpastato@poste.it"
"izaccardo","Ilaria","Zaccardo","fausto11@tiscali.it"
"nmorabito","Nina","Morabito","flavia91@libero.it"
"groth","Gionata","Roth","roccabonellaernesto@cabrini-lombardi.it"
"oguglielmi","Ottone","Guglielmi","anichinidiana@yahoo.com"
"lbarozzi","Luigina","Barozzi","segrericcardo@ajello.it"
"lpriuli","Lando","Priuli","vittoriocattaneo@virgilio.it"
"nfinotto","Natalia","Finotto","antoninicostantino@yahoo.com"
"tpriuli","Toni","Priuli","napoleone20@curci-bruno.it"
"pbeffa","Piergiuseppe","Beffa","riccatiamedeo@renzi-mazzacurati.it"
"mdisdero","Mauro","Disdero","pinaagostinelli@gmail.com"
"msonnino","Milena","Sonnino","ubartoli@gmail.com"
"eargan","Eraldo","Argan","sole95@rizzoli.com"
"psatriani","Pierangelo","Satriani","dcapecchi@vivaldi.com"
"sesposito","Stefano","Esposito","dariozaccardo@schiavo.net"
"icerutti","Ilaria","Cerutti","gprati@outlook.com"
"gcolumbo","Guglielmo","Columbo","campanotoni@bonino.com"
"mcamilleri","Michela","Camilleri","opizzifiorenzo@zaccagnini.com"
"drosselli","Diana","Rosselli","giuliofoa@virgilio.it"
"dbartoli","Domenico","Bartoli","sfabbri@gmail.com"
"pbranciforte","Patrizio","Branciforte","tina26@doria.it"
"Giacomo","Giacomo","Locatelli","giacomolocatelli003@gmail.com"
"2003tommy","Thomas","Fabbris","t.fabbris@studenti.unibg.it"
"raii","Raissa","Beccarelli","rai@progetto.it"
"user01","Mario","Rossi","mario.rossi@example.com"
"user02","Luigi","Verdi","luigi.verdi@example.com"
"user03","Anna","Bianchi","anna.bianchi@example.com"
"user04","Sofia","Neri","sofia.neri@example.com"
"user05","Marco","Gialli","marco.gialli@example.com"
"user06","Elena","Russo","elena.russo@example.com"
"user07","Giovanni","Ferrari","giovanni.ferrari@example.com"
"user08","Sara","Esposito","sara.esposito@example.com"
"user09","Andrea","Romano","andrea.romano@example.com"
"user10","Laura","Colombo","laura.colombo@example.com"
"user11","Simone","Ricci","simone.ricci@example.com"
"user12","Martina","Marino","martina.marino@example.com"
"user13","Francesco","Greco","francesco.greco@example.com"
"user14","Chiara","Bruno","chiara.bruno@example.com"
"user15","Alessio","Gallo","alessio.gallo@example.com"
"user16","Valentina","Conti","valentina.conti@example.com"
"user17","Luca","Costa","luca.costa@example.com"
"user18","Federica","Fontana","federica.fontana@example.com"
"user19","David","Riva","david.riva@example.com"
"user20","Roberta","Monti","roberta.monti@example.com"
"user21","Paolo","Ferrara","paolo.ferrara@example.com"
"user22","Eleonora","Santoro","eleonora.santoro@example.com"
"user23","Alessandro","Mancini","alessandro.mancini@example.com"
"user24","Giorgia","Lombardi","giorgia.lombardi@example.com"
"user25","Mattia","Moretti","mattia.moretti@example.com"
"user26","Veronica","Bianco","veronica.bianco@example.com"
"user27","Gabriele","Serra","gabriele.serra@example.com"
"user28","Ilaria","Mariani","ilaria.mariani@example.com"
"user29","Davide","Caruso","davide.caruso@example.com"
"user30","Rebecca","Leone","rebecca.leone@example.com"
"user31","Marco","Salvatori","marco.salvatori@example.com"
"user32","Giulia","Vitali","giulia.vitali@example.com"
"user33","Edoardo","Bernardi","edoardo.bernardi@example.com"
"user34","Camilla","Palmieri","camilla.palmieri@example.com"
"user35","Cristiano","Morelli","cristiano.morelli@example.com"
"user36","Alice","Galli","alice.galli@example.com"
"user37","Nicola","Martinelli","nicola.martinelli@example.com"
"user38","Beatrice","Rizzo"," Beatrice.rizzo@example.com"
"user39","Francesco","Bianchini","francesco.bianchini@example.com"
"user40","Letizia","Lupo","letizia.lupo@example.com"
"user41","Tommaso","D'angelo","tommaso.dangelo@example.com"
"user42","Sara","Coppola","sara.coppola@example.com"
"user43","Lorenzo","De Angelis","lorenzo.deangelis@example.com"
"user44","Emma","Conte","emma.conte@example.com"
"user45","Leonardo","Loi","leonardo.loi@example.com"
"user46","Vittoria","Ferraro","vittoria.ferraro@example.com"
"user47","Federico","Marchetti","federico.marchetti@example.com"
"user48","Anna","Villa","anna.villa@example.com"
"user49","Pietro","Ferri","pietro.ferri@example.com"
"user50","Cristina","Bellini","cristina.bellini@example.com"
"alebisca","Alessandro","Biscaro","ale@progetto.it"
"papaLeo","Davide","Carissoni","d.carissoni@studenti.unibg.it"
"dani","daniel","fasr","telli003@gmail.com"
"gioo","Giacomo","Locatelli","giacomolocatelli003@gmail.com"
